FREQ,FREQ_LABEL,REF_AREA,REF_AREA_LABEL,INDICATOR,INDICATOR_LABEL,UNIT_MEASURE,UNIT_MEASURE_LABEL,DATABASE_ID,DATABASE_ID_LABEL,UNIT_MULT,UNIT_MULT_LABEL,OBS_STATUS,OBS_STATUS_LABEL,OBS_CONF,OBS_CONF_LABEL,2000,2011,2021
A,Annual,ABW,Aruba,WB_HNP_SH_STA_DIAB_ZS,Diabetes prevalence (% of population ages 20 to 79),PT,Percentage,WB_HNP,Health Nutrition and Population Statistics,0,Units,A,Normal value,PU,Public,12.1,12.4,4.3
A,Annual,AFE,Africa Eastern and Southern,WB_HNP_SH_STA_DIAB_ZS,Diabetes prevalence (% of population ages 20 to 79),PT,Percentage,WB_HNP,Health Nutrition and Population Statistics,0,Units,A,Normal value,PU,Public,,4.5871813771,7.3819408077
A,Annual,AFG,Afghanistan,WB_HNP_SH_STA_DIAB_ZS,Diabetes prevalence (% of population ages 20 to 79),PT,Percentage,WB_HNP,Health Nutrition and Population Statistics,0,Units,A,Normal value,PU,Public,,7.6,10.9
A,Annual,AFW,Africa Western and Central,WB_HNP_SH_STA_DIAB_ZS,Diabetes prevalence (% of population ages 20 to 79),PT,Percentage,WB_HNP,Health Nutrition and Population Statistics,0,Units,A,Normal value,PU,Public,,4.4127391444,3.3898048977
A,Annual,AGO,Angola,WB_HNP_SH_STA_DIAB_ZS,Diabetes prevalence (% of population ages 20 to 79),PT,Percentage,WB_HNP,Health Nutrition and Population Statistics,0,Units,A,Normal value,PU,Public,,2.9,4.6
A,Annual,ALB,Albania,WB_HNP_SH_STA_DIAB_ZS,Diabetes prevalence (% of population ages 20 to 79),PT,Percentage,WB_HNP,Health Nutrition and Population Statistics,0,Units,A,Normal value,PU,Public,,2.8,10.2
A,Annual,AND,Andorra,WB_HNP_SH_STA_DIAB_ZS,Diabetes prevalence (% of population ages 20 to 79),PT,Percentage,WB_HNP,Health Nutrition and Population Statistics,0,Units,A,Normal value,PU,Public,,5.4,9.7
A,Annual,ARB,Arab World,WB_HNP_SH_STA_DIAB_ZS,Diabetes prevalence (% of population ages 20 to 79),PT,Percentage,WB_HNP,Health Nutrition and Population Statistics,0,Units,A,Normal value,PU,Public,,12.0885376822,14.1154481783
A,Annual,ARE,United Arab Emirates,WB_HNP_SH_STA_DIAB_ZS,Diabetes prevalence (% of population ages 20 to 79),PT,Percentage,WB_HNP,Health Nutrition and Population Statistics,0,Units,A,Normal value,PU,Public,,18.8,16.4
A,Annual,ARG,Argentina,WB_HNP_SH_STA_DIAB_ZS,Diabetes prevalence (% of population ages 20 to 79),PT,Percentage,WB_HNP,Health Nutrition and Population Statistics,0,Units,A,Normal value,PU,Public,,5.5,5.4
A,Annual,ARM,Armenia,WB_HNP_SH_STA_DIAB_ZS,Diabetes prevalence (% of population ages 20 to 79),PT,Percentage,WB_HNP,Health Nutrition and Population Statistics,0,Units,A,Normal value,PU,Public,,8.5,5.6
A,Annual,ASM,American Samoa,WB_HNP_SH_STA_DIAB_ZS,Diabetes prevalence (% of population ages 20 to 79),PT,Percentage,WB_HNP,Health Nutrition and Population Statistics,0,Units,A,Normal value,PU,Public,,,20.3
A,Annual,ATG,Antigua and Barbuda,WB_HNP_SH_STA_DIAB_ZS,Diabetes prevalence (% of population ages 20 to 79),PT,Percentage,WB_HNP,Health Nutrition and Population Statistics,0,Units,A,Normal value,PU,Public,,12.5,11.7
A,Annual,AUS,Australia,WB_HNP_SH_STA_DIAB_ZS,Diabetes prevalence (% of population ages 20 to 79),PT,Percentage,WB_HNP,Health Nutrition and Population Statistics,0,Units,A,Normal value,PU,Public,0.0,6.6,6.4
A,Annual,AUT,Austria,WB_HNP_SH_STA_DIAB_ZS,Diabetes prevalence (% of population ages 20 to 79),PT,Percentage,WB_HNP,Health Nutrition and Population Statistics,0,Units,A,Normal value,PU,Public,,6.6,4.6
A,Annual,AZE,Azerbaijan,WB_HNP_SH_STA_DIAB_ZS,Diabetes prevalence (% of population ages 20 to 79),PT,Percentage,WB_HNP,Health Nutrition and Population Statistics,0,Units,A,Normal value,PU,Public,,2.8,5.6
A,Annual,BDI,Burundi,WB_HNP_SH_STA_DIAB_ZS,Diabetes prevalence (% of population ages 20 to 79),PT,Percentage,WB_HNP,Health Nutrition and Population Statistics,0,Units,A,Normal value,PU,Public,,2.7,6.5
A,Annual,BEL,Belgium,WB_HNP_SH_STA_DIAB_ZS,Diabetes prevalence (% of population ages 20 to 79),PT,Percentage,WB_HNP,Health Nutrition and Population Statistics,0,Units,A,Normal value,PU,Public,,4.8,3.6
A,Annual,BEN,Benin,WB_HNP_SH_STA_DIAB_ZS,Diabetes prevalence (% of population ages 20 to 79),PT,Percentage,WB_HNP,Health Nutrition and Population Statistics,0,Units,A,Normal value,PU,Public,,2.0,1.1
A,Annual,BFA,Burkina Faso,WB_HNP_SH_STA_DIAB_ZS,Diabetes prevalence (% of population ages 20 to 79),PT,Percentage,WB_HNP,Health Nutrition and Population Statistics,0,Units,A,Normal value,PU,Public,,3.0,2.1
A,Annual,BGD,Bangladesh,WB_HNP_SH_STA_DIAB_ZS,Diabetes prevalence (% of population ages 20 to 79),PT,Percentage,WB_HNP,Health Nutrition and Population Statistics,0,Units,A,Normal value,PU,Public,,10.5,14.2
A,Annual,BGR,Bulgaria,WB_HNP_SH_STA_DIAB_ZS,Diabetes prevalence (% of population ages 20 to 79),PT,Percentage,WB_HNP,Health Nutrition and Population Statistics,0,Units,A,Normal value,PU,Public,,6.7,7.4
A,Annual,BHR,Bahrain,WB_HNP_SH_STA_DIAB_ZS,Diabetes prevalence (% of population ages 20 to 79),PT,Percentage,WB_HNP,Health Nutrition and Population Statistics,0,Units,A,Normal value,PU,Public,14.8,19.5,11.3
A,Annual,BHS,"Bahamas, The",WB_HNP_SH_STA_DIAB_ZS,Diabetes prevalence (% of population ages 20 to 79),PT,Percentage,WB_HNP,Health Nutrition and Population Statistics,0,Units,A,Normal value,PU,Public,,12.1,8.8
A,Annual,BIH,Bosnia and Herzegovina,WB_HNP_SH_STA_DIAB_ZS,Diabetes prevalence (% of population ages 20 to 79),PT,Percentage,WB_HNP,Health Nutrition and Population Statistics,0,Units,A,Normal value,PU,Public,,7.5,9.1
A,Annual,BLR,Belarus,WB_HNP_SH_STA_DIAB_ZS,Diabetes prevalence (% of population ages 20 to 79),PT,Percentage,WB_HNP,Health Nutrition and Population Statistics,0,Units,A,Normal value,PU,Public,,8.0,5.6
A,Annual,BLZ,Belize,WB_HNP_SH_STA_DIAB_ZS,Diabetes prevalence (% of population ages 20 to 79),PT,Percentage,WB_HNP,Health Nutrition and Population Statistics,0,Units,A,Normal value,PU,Public,,17.0,14.5
A,Annual,BMU,Bermuda,WB_HNP_SH_STA_DIAB_ZS,Diabetes prevalence (% of population ages 20 to 79),PT,Percentage,WB_HNP,Health Nutrition and Population Statistics,0,Units,A,Normal value,PU,Public,12.1,12.0,13.0
A,Annual,BOL,Bolivia,WB_HNP_SH_STA_DIAB_ZS,Diabetes prevalence (% of population ages 20 to 79),PT,Percentage,WB_HNP,Health Nutrition and Population Statistics,0,Units,A,Normal value,PU,Public,,6.6,5.5
A,Annual,BRA,Brazil,WB_HNP_SH_STA_DIAB_ZS,Diabetes prevalence (% of population ages 20 to 79),PT,Percentage,WB_HNP,Health Nutrition and Population Statistics,0,Units,A,Normal value,PU,Public,,10.1,8.8
A,Annual,BRB,Barbados,WB_HNP_SH_STA_DIAB_ZS,Diabetes prevalence (% of population ages 20 to 79),PT,Percentage,WB_HNP,Health Nutrition and Population Statistics,0,Units,A,Normal value,PU,Public,13.2,12.4,14.0
A,Annual,BRN,Brunei Darussalam,WB_HNP_SH_STA_DIAB_ZS,Diabetes prevalence (% of population ages 20 to 79),PT,Percentage,WB_HNP,Health Nutrition and Population Statistics,0,Units,A,Normal value,PU,Public,,9.4,11.1
A,Annual,BTN,Bhutan,WB_HNP_SH_STA_DIAB_ZS,Diabetes prevalence (% of population ages 20 to 79),PT,Percentage,WB_HNP,Health Nutrition and Population Statistics,0,Units,A,Normal value,PU,Public,,5.7,10.4
A,Annual,BWA,Botswana,WB_HNP_SH_STA_DIAB_ZS,Diabetes prevalence (% of population ages 20 to 79),PT,Percentage,WB_HNP,Health Nutrition and Population Statistics,0,Units,A,Normal value,PU,Public,,10.8,5.2
A,Annual,CAF,Central African Republic,WB_HNP_SH_STA_DIAB_ZS,Diabetes prevalence (% of population ages 20 to 79),PT,Percentage,WB_HNP,Health Nutrition and Population Statistics,0,Units,A,Normal value,PU,Public,,3.2,5.8
A,Annual,CAN,Canada,WB_HNP_SH_STA_DIAB_ZS,Diabetes prevalence (% of population ages 20 to 79),PT,Percentage,WB_HNP,Health Nutrition and Population Statistics,0,Units,A,Normal value,PU,Public,,8.4,7.7
A,Annual,CEB,Central Electricity Board (CEB),WB_HNP_SH_STA_DIAB_ZS,Diabetes prevalence (% of population ages 20 to 79),PT,Percentage,WB_HNP,Health Nutrition and Population Statistics,0,Units,A,Normal value,PU,Public,,7.4823654483,6.6353164637
A,Annual,CHE,Switzerland,WB_HNP_SH_STA_DIAB_ZS,Diabetes prevalence (% of population ages 20 to 79),PT,Percentage,WB_HNP,Health Nutrition and Population Statistics,0,Units,A,Normal value,PU,Public,,5.9,4.6
A,Annual,CHI,Channel Islands,WB_HNP_SH_STA_DIAB_ZS,Diabetes prevalence (% of population ages 20 to 79),PT,Percentage,WB_HNP,Health Nutrition and Population Statistics,0,Units,A,Normal value,PU,Public,,4.9,6.3
A,Annual,CHL,Chile,WB_HNP_SH_STA_DIAB_ZS,Diabetes prevalence (% of population ages 20 to 79),PT,Percentage,WB_HNP,Health Nutrition and Population Statistics,0,Units,A,Normal value,PU,Public,,9.5,10.8
A,Annual,CHN,China,WB_HNP_SH_STA_DIAB_ZS,Diabetes prevalence (% of population ages 20 to 79),PT,Percentage,WB_HNP,Health Nutrition and Population Statistics,0,Units,A,Normal value,PU,Public,,8.8,10.6
A,Annual,CIV,Cote d'Ivoire,WB_HNP_SH_STA_DIAB_ZS,Diabetes prevalence (% of population ages 20 to 79),PT,Percentage,WB_HNP,Health Nutrition and Population Statistics,0,Units,A,Normal value,PU,Public,,4.9,2.1
A,Annual,CMR,Cameroon,WB_HNP_SH_STA_DIAB_ZS,Diabetes prevalence (% of population ages 20 to 79),PT,Percentage,WB_HNP,Health Nutrition and Population Statistics,0,Units,A,Normal value,PU,Public,0.0,6.1,5.5
A,Annual,COD,"Congo, Dem. Rep.",WB_HNP_SH_STA_DIAB_ZS,Diabetes prevalence (% of population ages 20 to 79),PT,Percentage,WB_HNP,Health Nutrition and Population Statistics,0,Units,A,Normal value,PU,Public,,3.1,5.8
A,Annual,COG,"Congo, Rep.",WB_HNP_SH_STA_DIAB_ZS,Diabetes prevalence (% of population ages 20 to 79),PT,Percentage,WB_HNP,Health Nutrition and Population Statistics,0,Units,A,Normal value,PU,Public,,5.5,5.5
A,Annual,COL,Colombia,WB_HNP_SH_STA_DIAB_ZS,Diabetes prevalence (% of population ages 20 to 79),PT,Percentage,WB_HNP,Health Nutrition and Population Statistics,0,Units,A,Normal value,PU,Public,,9.8,8.3
A,Annual,COM,Comoros,WB_HNP_SH_STA_DIAB_ZS,Diabetes prevalence (% of population ages 20 to 79),PT,Percentage,WB_HNP,Health Nutrition and Population Statistics,0,Units,A,Normal value,PU,Public,,8.4,11.7
A,Annual,CPV,Cabo Verde,WB_HNP_SH_STA_DIAB_ZS,Diabetes prevalence (% of population ages 20 to 79),PT,Percentage,WB_HNP,Health Nutrition and Population Statistics,0,Units,A,Normal value,PU,Public,,5.4,2.1
A,Annual,CRI,Costa Rica,WB_HNP_SH_STA_DIAB_ZS,Diabetes prevalence (% of population ages 20 to 79),PT,Percentage,WB_HNP,Health Nutrition and Population Statistics,0,Units,A,Normal value,PU,Public,,9.6,8.8
A,Annual,CSS,Caribbean small states,WB_HNP_SH_STA_DIAB_ZS,Diabetes prevalence (% of population ages 20 to 79),PT,Percentage,WB_HNP,Health Nutrition and Population Statistics,0,Units,A,Normal value,PU,Public,,12.5268993371,12.0345990764
A,Annual,CUB,Cuba,WB_HNP_SH_STA_DIAB_ZS,Diabetes prevalence (% of population ages 20 to 79),PT,Percentage,WB_HNP,Health Nutrition and Population Statistics,0,Units,A,Normal value,PU,Public,,9.4,7.6
A,Annual,CUW,Curacao,WB_HNP_SH_STA_DIAB_ZS,Diabetes prevalence (% of population ages 20 to 79),PT,Percentage,WB_HNP,Health Nutrition and Population Statistics,0,Units,A,Normal value,PU,Public,,,11.7
A,Annual,CYM,Cayman Islands,WB_HNP_SH_STA_DIAB_ZS,Diabetes prevalence (% of population ages 20 to 79),PT,Percentage,WB_HNP,Health Nutrition and Population Statistics,0,Units,A,Normal value,PU,Public,12.1,12.0,13.0
A,Annual,CYP,Cyprus,WB_HNP_SH_STA_DIAB_ZS,Diabetes prevalence (% of population ages 20 to 79),PT,Percentage,WB_HNP,Health Nutrition and Population Statistics,0,Units,A,Normal value,PU,Public,,9.3,8.6
A,Annual,CZE,Czechia,WB_HNP_SH_STA_DIAB_ZS,Diabetes prevalence (% of population ages 20 to 79),PT,Percentage,WB_HNP,Health Nutrition and Population Statistics,0,Units,A,Normal value,PU,Public,11.7,5.3,7.1
A,Annual,DEU,Germany,WB_HNP_SH_STA_DIAB_ZS,Diabetes prevalence (% of population ages 20 to 79),PT,Percentage,WB_HNP,Health Nutrition and Population Statistics,0,Units,A,Normal value,PU,Public,,5.3,6.9
A,Annual,DJI,Djibouti,WB_HNP_SH_STA_DIAB_ZS,Diabetes prevalence (% of population ages 20 to 79),PT,Percentage,WB_HNP,Health Nutrition and Population Statistics,0,Units,A,Normal value,PU,Public,,6.3,7.4
A,Annual,DMA,Dominica,WB_HNP_SH_STA_DIAB_ZS,Diabetes prevalence (% of population ages 20 to 79),PT,Percentage,WB_HNP,Health Nutrition and Population Statistics,0,Units,A,Normal value,PU,Public,,8.9,11.7
A,Annual,DNK,Denmark,WB_HNP_SH_STA_DIAB_ZS,Diabetes prevalence (% of population ages 20 to 79),PT,Percentage,WB_HNP,Health Nutrition and Population Statistics,0,Units,A,Normal value,PU,Public,,5.6,5.3
A,Annual,DOM,Dominican Republic,WB_HNP_SH_STA_DIAB_ZS,Diabetes prevalence (% of population ages 20 to 79),PT,Percentage,WB_HNP,Health Nutrition and Population Statistics,0,Units,A,Normal value,PU,Public,,8.1,10.5
A,Annual,DZA,Algeria,WB_HNP_SH_STA_DIAB_ZS,Diabetes prevalence (% of population ages 20 to 79),PT,Percentage,WB_HNP,Health Nutrition and Population Statistics,0,Units,A,Normal value,PU,Public,,7.0,7.1
A,Annual,EAP,East Asia & Pacific (excluding high income),WB_HNP_SH_STA_DIAB_ZS,Diabetes prevalence (% of population ages 20 to 79),PT,Percentage,WB_HNP,Health Nutrition and Population Statistics,0,Units,A,Normal value,PU,Public,,8.0731465996,10.2129312639
A,Annual,EAR,Early-demographic dividend,WB_HNP_SH_STA_DIAB_ZS,Diabetes prevalence (% of population ages 20 to 79),PT,Percentage,WB_HNP,Health Nutrition and Population Statistics,0,Units,A,Normal value,PU,Public,,8.815155258,11.4425400965
A,Annual,EAS,East Asia & Pacific,WB_HNP_SH_STA_DIAB_ZS,Diabetes prevalence (% of population ages 20 to 79),PT,Percentage,WB_HNP,Health Nutrition and Population Statistics,0,Units,A,Normal value,PU,Public,,8.02671859,9.8651167809
A,Annual,ECA,Europe & Central Asia (excluding high income),WB_HNP_SH_STA_DIAB_ZS,Diabetes prevalence (% of population ages 20 to 79),PT,Percentage,WB_HNP,Health Nutrition and Population Statistics,0,Units,A,Normal value,PU,Public,,5.9759726656,9.1753339493
A,Annual,ECS,Europe & Central Asia,WB_HNP_SH_STA_DIAB_ZS,Diabetes prevalence (% of population ages 20 to 79),PT,Percentage,WB_HNP,Health Nutrition and Population Statistics,0,Units,A,Normal value,PU,Public,,6.5479447433,7.0327815807
A,Annual,ECU,Ecuador,WB_HNP_SH_STA_DIAB_ZS,Diabetes prevalence (% of population ages 20 to 79),PT,Percentage,WB_HNP,Health Nutrition and Population Statistics,0,Units,A,Normal value,PU,Public,,6.6,4.4
A,Annual,EGY,"Egypt, Arab Rep.",WB_HNP_SH_STA_DIAB_ZS,Diabetes prevalence (% of population ages 20 to 79),PT,Percentage,WB_HNP,Health Nutrition and Population Statistics,0,Units,A,Normal value,PU,Public,,16.6,20.9
A,Annual,EMU,Euro area,WB_HNP_SH_STA_DIAB_ZS,Diabetes prevalence (% of population ages 20 to 79),PT,Percentage,WB_HNP,Health Nutrition and Population Statistics,0,Units,A,Normal value,PU,Public,,5.6486054097,6.6188271119
A,Annual,ERI,Eritrea,WB_HNP_SH_STA_DIAB_ZS,Diabetes prevalence (% of population ages 20 to 79),PT,Percentage,WB_HNP,Health Nutrition and Population Statistics,0,Units,A,Normal value,PU,Public,,3.6,6.5
A,Annual,ESP,Spain,WB_HNP_SH_STA_DIAB_ZS,Diabetes prevalence (% of population ages 20 to 79),PT,Percentage,WB_HNP,Health Nutrition and Population Statistics,0,Units,A,Normal value,PU,Public,,6.3,10.3
A,Annual,EST,Estonia,WB_HNP_SH_STA_DIAB_ZS,Diabetes prevalence (% of population ages 20 to 79),PT,Percentage,WB_HNP,Health Nutrition and Population Statistics,0,Units,A,Normal value,PU,Public,,7.0,6.5
A,Annual,ETH,Ethiopia,WB_HNP_SH_STA_DIAB_ZS,Diabetes prevalence (% of population ages 20 to 79),PT,Percentage,WB_HNP,Health Nutrition and Population Statistics,0,Units,A,Normal value,PU,Public,,3.4,5.0
A,Annual,EUU,European Union,WB_HNP_SH_STA_DIAB_ZS,Diabetes prevalence (% of population ages 20 to 79),PT,Percentage,WB_HNP,Health Nutrition and Population Statistics,0,Units,A,Normal value,PU,Public,,6.0184599783,6.6071488294
A,Annual,FCS,Fragile and conflict affected situations,WB_HNP_SH_STA_DIAB_ZS,Diabetes prevalence (% of population ages 20 to 79),PT,Percentage,WB_HNP,Health Nutrition and Population Statistics,0,Units,A,Normal value,PU,Public,,5.7114908225,6.6185484451
A,Annual,FIN,Finland,WB_HNP_SH_STA_DIAB_ZS,Diabetes prevalence (% of population ages 20 to 79),PT,Percentage,WB_HNP,Health Nutrition and Population Statistics,0,Units,A,Normal value,PU,Public,,5.8,6.1
A,Annual,FJI,Fiji,WB_HNP_SH_STA_DIAB_ZS,Diabetes prevalence (% of population ages 20 to 79),PT,Percentage,WB_HNP,Health Nutrition and Population Statistics,0,Units,A,Normal value,PU,Public,,10.9,17.7
A,Annual,FRA,France,WB_HNP_SH_STA_DIAB_ZS,Diabetes prevalence (% of population ages 20 to 79),PT,Percentage,WB_HNP,Health Nutrition and Population Statistics,0,Units,A,Normal value,PU,Public,,5.4,5.3
A,Annual,FRO,Faroe Islands,WB_HNP_SH_STA_DIAB_ZS,Diabetes prevalence (% of population ages 20 to 79),PT,Percentage,WB_HNP,Health Nutrition and Population Statistics,0,Units,A,Normal value,PU,Public,,,3.8
A,Annual,FSM,"Micronesia, Fed. Sts.",WB_HNP_SH_STA_DIAB_ZS,Diabetes prevalence (% of population ages 20 to 79),PT,Percentage,WB_HNP,Health Nutrition and Population Statistics,0,Units,A,Normal value,PU,Public,,15.7,15.6
A,Annual,GAB,Gabon,WB_HNP_SH_STA_DIAB_ZS,Diabetes prevalence (% of population ages 20 to 79),PT,Percentage,WB_HNP,Health Nutrition and Population Statistics,0,Units,A,Normal value,PU,Public,,10.3,5.5
A,Annual,GBR,United Kingdom,WB_HNP_SH_STA_DIAB_ZS,Diabetes prevalence (% of population ages 20 to 79),PT,Percentage,WB_HNP,Health Nutrition and Population Statistics,0,Units,A,Normal value,PU,Public,,5.2,6.3
A,Annual,GEO,Georgia,WB_HNP_SH_STA_DIAB_ZS,Diabetes prevalence (% of population ages 20 to 79),PT,Percentage,WB_HNP,Health Nutrition and Population Statistics,0,Units,A,Normal value,PU,Public,,2.8,5.7
A,Annual,GHA,Ghana,WB_HNP_SH_STA_DIAB_ZS,Diabetes prevalence (% of population ages 20 to 79),PT,Percentage,WB_HNP,Health Nutrition and Population Statistics,0,Units,A,Normal value,PU,Public,,5.0,2.6
A,Annual,GIN,Guinea,WB_HNP_SH_STA_DIAB_ZS,Diabetes prevalence (% of population ages 20 to 79),PT,Percentage,WB_HNP,Health Nutrition and Population Statistics,0,Units,A,Normal value,PU,Public,,4.4,2.1
A,Annual,GMB,"Gambia, The",WB_HNP_SH_STA_DIAB_ZS,Diabetes prevalence (% of population ages 20 to 79),PT,Percentage,WB_HNP,Health Nutrition and Population Statistics,0,Units,A,Normal value,PU,Public,,2.0,1.9
A,Annual,GNB,Guinea-Bissau,WB_HNP_SH_STA_DIAB_ZS,Diabetes prevalence (% of population ages 20 to 79),PT,Percentage,WB_HNP,Health Nutrition and Population Statistics,0,Units,A,Normal value,PU,Public,,3.0,2.1
A,Annual,GNQ,Equatorial Guinea,WB_HNP_SH_STA_DIAB_ZS,Diabetes prevalence (% of population ages 20 to 79),PT,Percentage,WB_HNP,Health Nutrition and Population Statistics,0,Units,A,Normal value,PU,Public,,4.2,5.5
A,Annual,GRC,Greece,WB_HNP_SH_STA_DIAB_ZS,Diabetes prevalence (% of population ages 20 to 79),PT,Percentage,WB_HNP,Health Nutrition and Population Statistics,0,Units,A,Normal value,PU,Public,,5.1,6.4
A,Annual,GRD,Grenada,WB_HNP_SH_STA_DIAB_ZS,Diabetes prevalence (% of population ages 20 to 79),PT,Percentage,WB_HNP,Health Nutrition and Population Statistics,0,Units,A,Normal value,PU,Public,12.1,8.6,12.6
A,Annual,GRL,Greenland,WB_HNP_SH_STA_DIAB_ZS,Diabetes prevalence (% of population ages 20 to 79),PT,Percentage,WB_HNP,Health Nutrition and Population Statistics,0,Units,A,Normal value,PU,Public,,,3.3
A,Annual,GTM,Guatemala,WB_HNP_SH_STA_DIAB_ZS,Diabetes prevalence (% of population ages 20 to 79),PT,Percentage,WB_HNP,Health Nutrition and Population Statistics,0,Units,A,Normal value,PU,Public,,9.3,13.1
A,Annual,GUM,Guam,WB_HNP_SH_STA_DIAB_ZS,Diabetes prevalence (% of population ages 20 to 79),PT,Percentage,WB_HNP,Health Nutrition and Population Statistics,0,Units,A,Normal value,PU,Public,,8.6,19.1
A,Annual,GUY,Guyana,WB_HNP_SH_STA_DIAB_ZS,Diabetes prevalence (% of population ages 20 to 79),PT,Percentage,WB_HNP,Health Nutrition and Population Statistics,0,Units,A,Normal value,PU,Public,,16.7,11.7
A,Annual,HIC,High income,WB_HNP_SH_STA_DIAB_ZS,Diabetes prevalence (% of population ages 20 to 79),PT,Percentage,WB_HNP,Health Nutrition and Population Statistics,0,Units,A,Normal value,PU,Public,,8.020928592,8.0963849242
A,Annual,HKG,"Hong Kong SAR, China",WB_HNP_SH_STA_DIAB_ZS,Diabetes prevalence (% of population ages 20 to 79),PT,Percentage,WB_HNP,Health Nutrition and Population Statistics,0,Units,A,Normal value,PU,Public,12.1,7.6,7.8
A,Annual,HND,Honduras,WB_HNP_SH_STA_DIAB_ZS,Diabetes prevalence (% of population ages 20 to 79),PT,Percentage,WB_HNP,Health Nutrition and Population Statistics,0,Units,A,Normal value,PU,Public,,6.7,5.1
A,Annual,HPC,Heavily indebted poor countries (HIPC),WB_HNP_SH_STA_DIAB_ZS,Diabetes prevalence (% of population ages 20 to 79),PT,Percentage,WB_HNP,Health Nutrition and Population Statistics,0,Units,A,Normal value,PU,Public,,4.3460933137,6.4095989598
A,Annual,HRV,Croatia,WB_HNP_SH_STA_DIAB_ZS,Diabetes prevalence (% of population ages 20 to 79),PT,Percentage,WB_HNP,Health Nutrition and Population Statistics,0,Units,A,Normal value,PU,Public,,5.2,4.8
A,Annual,HTI,Haiti,WB_HNP_SH_STA_DIAB_ZS,Diabetes prevalence (% of population ages 20 to 79),PT,Percentage,WB_HNP,Health Nutrition and Population Statistics,0,Units,A,Normal value,PU,Public,,6.6,8.9
A,Annual,HUN,Hungary,WB_HNP_SH_STA_DIAB_ZS,Diabetes prevalence (% of population ages 20 to 79),PT,Percentage,WB_HNP,Health Nutrition and Population Statistics,0,Units,A,Normal value,PU,Public,,6.0,7.0
A,Annual,IBT,IDA & IBRD total,WB_HNP_SH_STA_DIAB_ZS,Diabetes prevalence (% of population ages 20 to 79),PT,Percentage,WB_HNP,Health Nutrition and Population Statistics,0,Units,A,Normal value,PU,Public,,8.2359774812,10.0789254142
A,Annual,IDN,Indonesia,WB_HNP_SH_STA_DIAB_ZS,Diabetes prevalence (% of population ages 20 to 79),PT,Percentage,WB_HNP,Health Nutrition and Population Statistics,0,Units,A,Normal value,PU,Public,,5.1,10.6
A,Annual,IMN,Isle of Man,WB_HNP_SH_STA_DIAB_ZS,Diabetes prevalence (% of population ages 20 to 79),PT,Percentage,WB_HNP,Health Nutrition and Population Statistics,0,Units,A,Normal value,PU,Public,,,6.3
A,Annual,IND,India,WB_HNP_SH_STA_DIAB_ZS,Diabetes prevalence (% of population ages 20 to 79),PT,Percentage,WB_HNP,Health Nutrition and Population Statistics,0,Units,A,Normal value,PU,Public,,9.0,9.6
A,Annual,IRL,Ireland,WB_HNP_SH_STA_DIAB_ZS,Diabetes prevalence (% of population ages 20 to 79),PT,Percentage,WB_HNP,Health Nutrition and Population Statistics,0,Units,A,Normal value,PU,Public,,5.2,3.0
A,Annual,IRN,"Iran, Islamic Rep.",WB_HNP_SH_STA_DIAB_ZS,Diabetes prevalence (% of population ages 20 to 79),PT,Percentage,WB_HNP,Health Nutrition and Population Statistics,0,Units,A,Normal value,PU,Public,,11.1,9.1
A,Annual,IRQ,Iraq,WB_HNP_SH_STA_DIAB_ZS,Diabetes prevalence (% of population ages 20 to 79),PT,Percentage,WB_HNP,Health Nutrition and Population Statistics,0,Units,A,Normal value,PU,Public,,9.1,10.7
A,Annual,ISL,Iceland,WB_HNP_SH_STA_DIAB_ZS,Diabetes prevalence (% of population ages 20 to 79),PT,Percentage,WB_HNP,Health Nutrition and Population Statistics,0,Units,A,Normal value,PU,Public,,3.2,5.5
A,Annual,ISR,Israel,WB_HNP_SH_STA_DIAB_ZS,Diabetes prevalence (% of population ages 20 to 79),PT,Percentage,WB_HNP,Health Nutrition and Population Statistics,0,Units,A,Normal value,PU,Public,,7.4,8.5
A,Annual,ITA,Italy,WB_HNP_SH_STA_DIAB_ZS,Diabetes prevalence (% of population ages 20 to 79),PT,Percentage,WB_HNP,Health Nutrition and Population Statistics,0,Units,A,Normal value,PU,Public,,5.1,6.4
A,Annual,JAM,Jamaica,WB_HNP_SH_STA_DIAB_ZS,Diabetes prevalence (% of population ages 20 to 79),PT,Percentage,WB_HNP,Health Nutrition and Population Statistics,0,Units,A,Normal value,PU,Public,,15.7,11.1
A,Annual,JOR,Jordan,WB_HNP_SH_STA_DIAB_ZS,Diabetes prevalence (% of population ages 20 to 79),PT,Percentage,WB_HNP,Health Nutrition and Population Statistics,0,Units,A,Normal value,PU,Public,,12.1,15.4
A,Annual,JPN,Japan,WB_HNP_SH_STA_DIAB_ZS,Diabetes prevalence (% of population ages 20 to 79),PT,Percentage,WB_HNP,Health Nutrition and Population Statistics,0,Units,A,Normal value,PU,Public,,7.7,6.6
A,Annual,KAZ,Kazakhstan,WB_HNP_SH_STA_DIAB_ZS,Diabetes prevalence (% of population ages 20 to 79),PT,Percentage,WB_HNP,Health Nutrition and Population Statistics,0,Units,A,Normal value,PU,Public,,7.7,6.6
A,Annual,KEN,Kenya,WB_HNP_SH_STA_DIAB_ZS,Diabetes prevalence (% of population ages 20 to 79),PT,Percentage,WB_HNP,Health Nutrition and Population Statistics,0,Units,A,Normal value,PU,Public,,5.1,4.0
A,Annual,KGZ,Kyrgyz Republic,WB_HNP_SH_STA_DIAB_ZS,Diabetes prevalence (% of population ages 20 to 79),PT,Percentage,WB_HNP,Health Nutrition and Population Statistics,0,Units,A,Normal value,PU,Public,,6.3,6.6
A,Annual,KHM,Cambodia,WB_HNP_SH_STA_DIAB_ZS,Diabetes prevalence (% of population ages 20 to 79),PT,Percentage,WB_HNP,Health Nutrition and Population Statistics,0,Units,A,Normal value,PU,Public,,2.9,7.3
A,Annual,KIR,Kiribati,WB_HNP_SH_STA_DIAB_ZS,Diabetes prevalence (% of population ages 20 to 79),PT,Percentage,WB_HNP,Health Nutrition and Population Statistics,0,Units,A,Normal value,PU,Public,,25.3,22.1
A,Annual,KNA,St. Kitts and Nevis,WB_HNP_SH_STA_DIAB_ZS,Diabetes prevalence (% of population ages 20 to 79),PT,Percentage,WB_HNP,Health Nutrition and Population Statistics,0,Units,A,Normal value,PU,Public,12.1,8.5,16.1
A,Annual,KOR,"Korea, Rep.",WB_HNP_SH_STA_DIAB_ZS,Diabetes prevalence (% of population ages 20 to 79),PT,Percentage,WB_HNP,Health Nutrition and Population Statistics,0,Units,A,Normal value,PU,Public,,7.5,6.8
A,Annual,KWT,Kuwait,WB_HNP_SH_STA_DIAB_ZS,Diabetes prevalence (% of population ages 20 to 79),PT,Percentage,WB_HNP,Health Nutrition and Population Statistics,0,Units,A,Normal value,PU,Public,,20.7,24.9
A,Annual,LAC,Latin America & Caribbean (excluding high income),WB_HNP_SH_STA_DIAB_ZS,Diabetes prevalence (% of population ages 20 to 79),PT,Percentage,WB_HNP,Health Nutrition and Population Statistics,0,Units,A,Normal value,PU,Public,,10.289160223,9.8291074281
A,Annual,LAO,Lao PDR,WB_HNP_SH_STA_DIAB_ZS,Diabetes prevalence (% of population ages 20 to 79),PT,Percentage,WB_HNP,Health Nutrition and Population Statistics,0,Units,A,Normal value,PU,Public,,3.3,6.2
A,Annual,LBN,Lebanon,WB_HNP_SH_STA_DIAB_ZS,Diabetes prevalence (% of population ages 20 to 79),PT,Percentage,WB_HNP,Health Nutrition and Population Statistics,0,Units,A,Normal value,PU,Public,,19.6,8.0
A,Annual,LBR,Liberia,WB_HNP_SH_STA_DIAB_ZS,Diabetes prevalence (% of population ages 20 to 79),PT,Percentage,WB_HNP,Health Nutrition and Population Statistics,0,Units,A,Normal value,PU,Public,,3.3,2.1
A,Annual,LBY,Libya,WB_HNP_SH_STA_DIAB_ZS,Diabetes prevalence (% of population ages 20 to 79),PT,Percentage,WB_HNP,Health Nutrition and Population Statistics,0,Units,A,Normal value,PU,Public,,13.8,8.7
A,Annual,LCA,St. Lucia,WB_HNP_SH_STA_DIAB_ZS,Diabetes prevalence (% of population ages 20 to 79),PT,Percentage,WB_HNP,Health Nutrition and Population Statistics,0,Units,A,Normal value,PU,Public,,8.4,11.7
A,Annual,LCN,Latin America & Caribbean,WB_HNP_SH_STA_DIAB_ZS,Diabetes prevalence (% of population ages 20 to 79),PT,Percentage,WB_HNP,Health Nutrition and Population Statistics,0,Units,A,Normal value,PU,Public,,10.2628345714,9.866668691
A,Annual,LDC,Least developed countries: UN classification,WB_HNP_SH_STA_DIAB_ZS,Diabetes prevalence (% of population ages 20 to 79),PT,Percentage,WB_HNP,Health Nutrition and Population Statistics,0,Units,A,Normal value,PU,Public,,5.6487373183,8.161281929
A,Annual,LIC,Low income,WB_HNP_SH_STA_DIAB_ZS,Diabetes prevalence (% of population ages 20 to 79),PT,Percentage,WB_HNP,Health Nutrition and Population Statistics,0,Units,A,Normal value,PU,Public,,4.9536702205,6.7535616817
A,Annual,LIE,Liechtenstein,WB_HNP_SH_STA_DIAB_ZS,Diabetes prevalence (% of population ages 20 to 79),PT,Percentage,WB_HNP,Health Nutrition and Population Statistics,0,Units,A,Normal value,PU,Public,,4.7,6.1
A,Annual,LKA,Sri Lanka,WB_HNP_SH_STA_DIAB_ZS,Diabetes prevalence (% of population ages 20 to 79),PT,Percentage,WB_HNP,Health Nutrition and Population Statistics,0,Units,A,Normal value,PU,Public,,7.5,11.3
A,Annual,LMC,Lower middle income,WB_HNP_SH_STA_DIAB_ZS,Diabetes prevalence (% of population ages 20 to 79),PT,Percentage,WB_HNP,Health Nutrition and Population Statistics,0,Units,A,Normal value,PU,Public,,8.2431935578,10.699387508
A,Annual,LMY,Low & middle income,WB_HNP_SH_STA_DIAB_ZS,Diabetes prevalence (% of population ages 20 to 79),PT,Percentage,WB_HNP,Health Nutrition and Population Statistics,0,Units,A,Normal value,PU,Public,,8.1810995943,10.2225080554
A,Annual,LSO,Lesotho,WB_HNP_SH_STA_DIAB_ZS,Diabetes prevalence (% of population ages 20 to 79),PT,Percentage,WB_HNP,Health Nutrition and Population Statistics,0,Units,A,Normal value,PU,Public,,3.4,4.6
A,Annual,LTE,Late-demographic dividend,WB_HNP_SH_STA_DIAB_ZS,Diabetes prevalence (% of population ages 20 to 79),PT,Percentage,WB_HNP,Health Nutrition and Population Statistics,0,Units,A,Normal value,PU,Public,,8.7622377558,9.7855937936
A,Annual,LTU,Lithuania,WB_HNP_SH_STA_DIAB_ZS,Diabetes prevalence (% of population ages 20 to 79),PT,Percentage,WB_HNP,Health Nutrition and Population Statistics,0,Units,A,Normal value,PU,Public,,7.8,5.8
A,Annual,LUX,Luxembourg,WB_HNP_SH_STA_DIAB_ZS,Diabetes prevalence (% of population ages 20 to 79),PT,Percentage,WB_HNP,Health Nutrition and Population Statistics,0,Units,A,Normal value,PU,Public,,4.5,5.9
A,Annual,LVA,Latvia,WB_HNP_SH_STA_DIAB_ZS,Diabetes prevalence (% of population ages 20 to 79),PT,Percentage,WB_HNP,Health Nutrition and Population Statistics,0,Units,A,Normal value,PU,Public,,7.8,5.9
A,Annual,MAC,"Macao SAR, China",WB_HNP_SH_STA_DIAB_ZS,Diabetes prevalence (% of population ages 20 to 79),PT,Percentage,WB_HNP,Health Nutrition and Population Statistics,0,Units,A,Normal value,PU,Public,,7.2,7.8
A,Annual,MAR,Morocco,WB_HNP_SH_STA_DIAB_ZS,Diabetes prevalence (% of population ages 20 to 79),PT,Percentage,WB_HNP,Health Nutrition and Population Statistics,0,Units,A,Normal value,PU,Public,,6.8,9.1
A,Annual,MCO,Monaco,WB_HNP_SH_STA_DIAB_ZS,Diabetes prevalence (% of population ages 20 to 79),PT,Percentage,WB_HNP,Health Nutrition and Population Statistics,0,Units,A,Normal value,PU,Public,,5.6,6.2
A,Annual,MDA,Moldova,WB_HNP_SH_STA_DIAB_ZS,Diabetes prevalence (% of population ages 20 to 79),PT,Percentage,WB_HNP,Health Nutrition and Population Statistics,0,Units,A,Normal value,PU,Public,,2.7,5.6
A,Annual,MDG,Madagascar,WB_HNP_SH_STA_DIAB_ZS,Diabetes prevalence (% of population ages 20 to 79),PT,Percentage,WB_HNP,Health Nutrition and Population Statistics,0,Units,A,Normal value,PU,Public,,4.7,4.6
A,Annual,MDV,Maldives,WB_HNP_SH_STA_DIAB_ZS,Diabetes prevalence (% of population ages 20 to 79),PT,Percentage,WB_HNP,Health Nutrition and Population Statistics,0,Units,A,Normal value,PU,Public,,9.2,9.2
A,Annual,MEA,Middle East and North Africa,WB_HNP_SH_STA_DIAB_ZS,Diabetes prevalence (% of population ages 20 to 79),PT,Percentage,WB_HNP,Health Nutrition and Population Statistics,0,Units,A,Normal value,PU,Public,,12.2606444444,12.9292953236
A,Annual,MEX,Mexico,WB_HNP_SH_STA_DIAB_ZS,Diabetes prevalence (% of population ages 20 to 79),PT,Percentage,WB_HNP,Health Nutrition and Population Statistics,0,Units,A,Normal value,PU,Public,14.2,15.6,16.9
A,Annual,MHL,Marshall Islands,WB_HNP_SH_STA_DIAB_ZS,Diabetes prevalence (% of population ages 20 to 79),PT,Percentage,WB_HNP,Health Nutrition and Population Statistics,0,Units,A,Normal value,PU,Public,,21.8,23.0
A,Annual,MIC,Middle income,WB_HNP_SH_STA_DIAB_ZS,Diabetes prevalence (% of population ages 20 to 79),PT,Percentage,WB_HNP,Health Nutrition and Population Statistics,0,Units,A,Normal value,PU,Public,,8.4308772228,10.5432402716
A,Annual,MKD,North Macedonia,WB_HNP_SH_STA_DIAB_ZS,Diabetes prevalence (% of population ages 20 to 79),PT,Percentage,WB_HNP,Health Nutrition and Population Statistics,0,Units,A,Normal value,PU,Public,,7.7,6.1
A,Annual,MLI,Mali,WB_HNP_SH_STA_DIAB_ZS,Diabetes prevalence (% of population ages 20 to 79),PT,Percentage,WB_HNP,Health Nutrition and Population Statistics,0,Units,A,Normal value,PU,Public,,1.9,2.1
A,Annual,MLT,Malta,WB_HNP_SH_STA_DIAB_ZS,Diabetes prevalence (% of population ages 20 to 79),PT,Percentage,WB_HNP,Health Nutrition and Population Statistics,0,Units,A,Normal value,PU,Public,,6.6,8.0
A,Annual,MMR,Myanmar,WB_HNP_SH_STA_DIAB_ZS,Diabetes prevalence (% of population ages 20 to 79),PT,Percentage,WB_HNP,Health Nutrition and Population Statistics,0,Units,A,Normal value,PU,Public,,7.1,7.1
A,Annual,MNA,Middle East & North Africa (excluding high income),WB_HNP_SH_STA_DIAB_ZS,Diabetes prevalence (% of population ages 20 to 79),PT,Percentage,WB_HNP,Health Nutrition and Population Statistics,0,Units,A,Normal value,PU,Public,,11.3843169549,12.2191796631
A,Annual,MNE,Montenegro,WB_HNP_SH_STA_DIAB_ZS,Diabetes prevalence (% of population ages 20 to 79),PT,Percentage,WB_HNP,Health Nutrition and Population Statistics,0,Units,A,Normal value,PU,Public,,7.7,9.1
A,Annual,MNG,Mongolia,WB_HNP_SH_STA_DIAB_ZS,Diabetes prevalence (% of population ages 20 to 79),PT,Percentage,WB_HNP,Health Nutrition and Population Statistics,0,Units,A,Normal value,PU,Public,,7.1,6.9
A,Annual,MNP,Northern Mariana Islands,WB_HNP_SH_STA_DIAB_ZS,Diabetes prevalence (% of population ages 20 to 79),PT,Percentage,WB_HNP,Health Nutrition and Population Statistics,0,Units,A,Normal value,PU,Public,,,23.4
A,Annual,MOZ,Mozambique,WB_HNP_SH_STA_DIAB_ZS,Diabetes prevalence (% of population ages 20 to 79),PT,Percentage,WB_HNP,Health Nutrition and Population Statistics,0,Units,A,Normal value,PU,Public,,3.1,3.3
A,Annual,MRT,Mauritania,WB_HNP_SH_STA_DIAB_ZS,Diabetes prevalence (% of population ages 20 to 79),PT,Percentage,WB_HNP,Health Nutrition and Population Statistics,0,Units,A,Normal value,PU,Public,,4.3,2.1
A,Annual,MUS,Mauritius,WB_HNP_SH_STA_DIAB_ZS,Diabetes prevalence (% of population ages 20 to 79),PT,Percentage,WB_HNP,Health Nutrition and Population Statistics,0,Units,A,Normal value,PU,Public,15.0,14.8,22.6
A,Annual,MWI,Malawi,WB_HNP_SH_STA_DIAB_ZS,Diabetes prevalence (% of population ages 20 to 79),PT,Percentage,WB_HNP,Health Nutrition and Population Statistics,0,Units,A,Normal value,PU,Public,,5.6,7.3
A,Annual,MYS,Malaysia,WB_HNP_SH_STA_DIAB_ZS,Diabetes prevalence (% of population ages 20 to 79),PT,Percentage,WB_HNP,Health Nutrition and Population Statistics,0,Units,A,Normal value,PU,Public,,12.1,19.0
A,Annual,NAC,North America,WB_HNP_SH_STA_DIAB_ZS,Diabetes prevalence (% of population ages 20 to 79),PT,Percentage,WB_HNP,Health Nutrition and Population Statistics,0,Units,A,Normal value,PU,Public,,9.2975665842,10.3821555574
A,Annual,NAM,Namibia,WB_HNP_SH_STA_DIAB_ZS,Diabetes prevalence (% of population ages 20 to 79),PT,Percentage,WB_HNP,Health Nutrition and Population Statistics,0,Units,A,Normal value,PU,Public,,7.8,6.7
A,Annual,NCL,New Caledonia,WB_HNP_SH_STA_DIAB_ZS,Diabetes prevalence (% of population ages 20 to 79),PT,Percentage,WB_HNP,Health Nutrition and Population Statistics,0,Units,A,Normal value,PU,Public,,8.6,23.4
A,Annual,NER,Niger,WB_HNP_SH_STA_DIAB_ZS,Diabetes prevalence (% of population ages 20 to 79),PT,Percentage,WB_HNP,Health Nutrition and Population Statistics,0,Units,A,Normal value,PU,Public,,4.2,5.2
A,Annual,NGA,Nigeria,WB_HNP_SH_STA_DIAB_ZS,Diabetes prevalence (% of population ages 20 to 79),PT,Percentage,WB_HNP,Health Nutrition and Population Statistics,0,Units,A,Normal value,PU,Public,,4.8,3.6
A,Annual,NIC,Nicaragua,WB_HNP_SH_STA_DIAB_ZS,Diabetes prevalence (% of population ages 20 to 79),PT,Percentage,WB_HNP,Health Nutrition and Population Statistics,0,Units,A,Normal value,PU,Public,,11.0,9.3
A,Annual,NLD,Netherlands,WB_HNP_SH_STA_DIAB_ZS,Diabetes prevalence (% of population ages 20 to 79),PT,Percentage,WB_HNP,Health Nutrition and Population Statistics,0,Units,A,Normal value,PU,Public,,5.3,4.5
A,Annual,NOR,Norway,WB_HNP_SH_STA_DIAB_ZS,Diabetes prevalence (% of population ages 20 to 79),PT,Percentage,WB_HNP,Health Nutrition and Population Statistics,0,Units,A,Normal value,PU,Public,,4.7,3.6
A,Annual,NPL,Nepal,WB_HNP_SH_STA_DIAB_ZS,Diabetes prevalence (% of population ages 20 to 79),PT,Percentage,WB_HNP,Health Nutrition and Population Statistics,0,Units,A,Normal value,PU,Public,,3.6,8.7
A,Annual,NRU,Nauru,WB_HNP_SH_STA_DIAB_ZS,Diabetes prevalence (% of population ages 20 to 79),PT,Percentage,WB_HNP,Health Nutrition and Population Statistics,0,Units,A,Normal value,PU,Public,,20.4,23.4
A,Annual,NZL,New Zealand,WB_HNP_SH_STA_DIAB_ZS,Diabetes prevalence (% of population ages 20 to 79),PT,Percentage,WB_HNP,Health Nutrition and Population Statistics,0,Units,A,Normal value,PU,Public,,8.6,6.2
A,Annual,OED,OECD members,WB_HNP_SH_STA_DIAB_ZS,Diabetes prevalence (% of population ages 20 to 79),PT,Percentage,WB_HNP,Health Nutrition and Population Statistics,0,Units,A,Normal value,PU,Public,,8.0781628249,9.0319558123
A,Annual,OMN,Oman,WB_HNP_SH_STA_DIAB_ZS,Diabetes prevalence (% of population ages 20 to 79),PT,Percentage,WB_HNP,Health Nutrition and Population Statistics,0,Units,A,Normal value,PU,Public,,10.5,13.8
A,Annual,OSS,Other small states,WB_HNP_SH_STA_DIAB_ZS,Diabetes prevalence (% of population ages 20 to 79),PT,Percentage,WB_HNP,Health Nutrition and Population Statistics,0,Units,A,Normal value,PU,Public,,9.1062817134,9.6522322205
A,Annual,PAK,Pakistan,WB_HNP_SH_STA_DIAB_ZS,Diabetes prevalence (% of population ages 20 to 79),PT,Percentage,WB_HNP,Health Nutrition and Population Statistics,0,Units,A,Normal value,PU,Public,11.8,7.9,30.8
A,Annual,PAN,Panama,WB_HNP_SH_STA_DIAB_ZS,Diabetes prevalence (% of population ages 20 to 79),PT,Percentage,WB_HNP,Health Nutrition and Population Statistics,0,Units,A,Normal value,PU,Public,,9.4,8.2
A,Annual,PER,Peru,WB_HNP_SH_STA_DIAB_ZS,Diabetes prevalence (% of population ages 20 to 79),PT,Percentage,WB_HNP,Health Nutrition and Population Statistics,0,Units,A,Normal value,PU,Public,,6.0,4.8
A,Annual,PHL,Philippines,WB_HNP_SH_STA_DIAB_ZS,Diabetes prevalence (% of population ages 20 to 79),PT,Percentage,WB_HNP,Health Nutrition and Population Statistics,0,Units,A,Normal value,PU,Public,,9.7,7.1
A,Annual,PLW,Palau,WB_HNP_SH_STA_DIAB_ZS,Diabetes prevalence (% of population ages 20 to 79),PT,Percentage,WB_HNP,Health Nutrition and Population Statistics,0,Units,A,Normal value,PU,Public,,11.1,17.0
A,Annual,PNG,Papua New Guinea,WB_HNP_SH_STA_DIAB_ZS,Diabetes prevalence (% of population ages 20 to 79),PT,Percentage,WB_HNP,Health Nutrition and Population Statistics,0,Units,A,Normal value,PU,Public,15.5,7.6,16.7
A,Annual,POL,Poland,WB_HNP_SH_STA_DIAB_ZS,Diabetes prevalence (% of population ages 20 to 79),PT,Percentage,WB_HNP,Health Nutrition and Population Statistics,0,Units,A,Normal value,PU,Public,,9.0,6.8
A,Annual,PRE,Pre-demographic dividend,WB_HNP_SH_STA_DIAB_ZS,Diabetes prevalence (% of population ages 20 to 79),PT,Percentage,WB_HNP,Health Nutrition and Population Statistics,0,Units,A,Normal value,PU,Public,,4.5976570453,6.1034299667
A,Annual,PRI,Puerto Rico,WB_HNP_SH_STA_DIAB_ZS,Diabetes prevalence (% of population ages 20 to 79),PT,Percentage,WB_HNP,Health Nutrition and Population Statistics,0,Units,A,Normal value,PU,Public,,13.0,13.3
A,Annual,PRK,"Korea, Dem. People's Rep.",WB_HNP_SH_STA_DIAB_ZS,Diabetes prevalence (% of population ages 20 to 79),PT,Percentage,WB_HNP,Health Nutrition and Population Statistics,0,Units,A,Normal value,PU,Public,,8.4,8.6
A,Annual,PRT,Portugal,WB_HNP_SH_STA_DIAB_ZS,Diabetes prevalence (% of population ages 20 to 79),PT,Percentage,WB_HNP,Health Nutrition and Population Statistics,0,Units,A,Normal value,PU,Public,,9.6,9.1
A,Annual,PRY,Paraguay,WB_HNP_SH_STA_DIAB_ZS,Diabetes prevalence (% of population ages 20 to 79),PT,Percentage,WB_HNP,Health Nutrition and Population Statistics,0,Units,A,Normal value,PU,Public,,6.5,7.5
A,Annual,PSE,West Bank and Gaza,WB_HNP_SH_STA_DIAB_ZS,Diabetes prevalence (% of population ages 20 to 79),PT,Percentage,WB_HNP,Health Nutrition and Population Statistics,0,Units,A,Normal value,PU,Public,,9.2,9.2
A,Annual,PSS,Pacific island small states,WB_HNP_SH_STA_DIAB_ZS,Diabetes prevalence (% of population ages 20 to 79),PT,Percentage,WB_HNP,Health Nutrition and Population Statistics,0,Units,A,Normal value,PU,Public,,13.4347345665,17.4367193692
A,Annual,PST,Post-demographic dividend,WB_HNP_SH_STA_DIAB_ZS,Diabetes prevalence (% of population ages 20 to 79),PT,Percentage,WB_HNP,Health Nutrition and Population Statistics,0,Units,A,Normal value,PU,Public,,7.0903414976,7.7982406461
A,Annual,PYF,French Polynesia,WB_HNP_SH_STA_DIAB_ZS,Diabetes prevalence (% of population ages 20 to 79),PT,Percentage,WB_HNP,Health Nutrition and Population Statistics,0,Units,A,Normal value,PU,Public,,8.6,25.2
A,Annual,QAT,Qatar,WB_HNP_SH_STA_DIAB_ZS,Diabetes prevalence (% of population ages 20 to 79),PT,Percentage,WB_HNP,Health Nutrition and Population Statistics,0,Units,A,Normal value,PU,Public,,19.8,19.5
A,Annual,ROU,Romania,WB_HNP_SH_STA_DIAB_ZS,Diabetes prevalence (% of population ages 20 to 79),PT,Percentage,WB_HNP,Health Nutrition and Population Statistics,0,Units,A,Normal value,PU,Public,,7.7,6.5
A,Annual,RUS,Russian Federation,WB_HNP_SH_STA_DIAB_ZS,Diabetes prevalence (% of population ages 20 to 79),PT,Percentage,WB_HNP,Health Nutrition and Population Statistics,0,Units,A,Normal value,PU,Public,,9.7,5.6
A,Annual,RWA,Rwanda,WB_HNP_SH_STA_DIAB_ZS,Diabetes prevalence (% of population ages 20 to 79),PT,Percentage,WB_HNP,Health Nutrition and Population Statistics,0,Units,A,Normal value,PU,Public,,3.1,6.5
A,Annual,SAS,South Asia,WB_HNP_SH_STA_DIAB_ZS,Diabetes prevalence (% of population ages 20 to 79),PT,Percentage,WB_HNP,Health Nutrition and Population Statistics,0,Units,A,Normal value,PU,Public,,8.8925261173,12.2887568871
A,Annual,SAU,Saudi Arabia,WB_HNP_SH_STA_DIAB_ZS,Diabetes prevalence (% of population ages 20 to 79),PT,Percentage,WB_HNP,Health Nutrition and Population Statistics,0,Units,A,Normal value,PU,Public,,19.6,18.7
A,Annual,SDN,Sudan,WB_HNP_SH_STA_DIAB_ZS,Diabetes prevalence (% of population ages 20 to 79),PT,Percentage,WB_HNP,Health Nutrition and Population Statistics,0,Units,A,Normal value,PU,Public,,8.6,18.9
A,Annual,SEN,Senegal,WB_HNP_SH_STA_DIAB_ZS,Diabetes prevalence (% of population ages 20 to 79),PT,Percentage,WB_HNP,Health Nutrition and Population Statistics,0,Units,A,Normal value,PU,Public,,3.2,3.1
A,Annual,SGP,Singapore,WB_HNP_SH_STA_DIAB_ZS,Diabetes prevalence (% of population ages 20 to 79),PT,Percentage,WB_HNP,Health Nutrition and Population Statistics,0,Units,A,Normal value,PU,Public,,9.5,11.6
A,Annual,SLB,Solomon Islands,WB_HNP_SH_STA_DIAB_ZS,Diabetes prevalence (% of population ages 20 to 79),PT,Percentage,WB_HNP,Health Nutrition and Population Statistics,0,Units,A,Normal value,PU,Public,,15.3,19.8
A,Annual,SLE,Sierra Leone,WB_HNP_SH_STA_DIAB_ZS,Diabetes prevalence (% of population ages 20 to 79),PT,Percentage,WB_HNP,Health Nutrition and Population Statistics,0,Units,A,Normal value,PU,Public,,3.2,2.1
A,Annual,SLV,El Salvador,WB_HNP_SH_STA_DIAB_ZS,Diabetes prevalence (% of population ages 20 to 79),PT,Percentage,WB_HNP,Health Nutrition and Population Statistics,0,Units,A,Normal value,PU,Public,,9.4,6.3
A,Annual,SMR,San Marino,WB_HNP_SH_STA_DIAB_ZS,Diabetes prevalence (% of population ages 20 to 79),PT,Percentage,WB_HNP,Health Nutrition and Population Statistics,0,Units,A,Normal value,PU,Public,,5.5,7.4
A,Annual,SOM,Somalia,WB_HNP_SH_STA_DIAB_ZS,Diabetes prevalence (% of population ages 20 to 79),PT,Percentage,WB_HNP,Health Nutrition and Population Statistics,0,Units,A,Normal value,PU,Public,,4.3,6.5
A,Annual,SRB,Serbia,WB_HNP_SH_STA_DIAB_ZS,Diabetes prevalence (% of population ages 20 to 79),PT,Percentage,WB_HNP,Health Nutrition and Population Statistics,0,Units,A,Normal value,PU,Public,,7.7,9.1
A,Annual,SSA,Sub-Saharan Africa (excluding high income),WB_HNP_SH_STA_DIAB_ZS,Diabetes prevalence (% of population ages 20 to 79),PT,Percentage,WB_HNP,Health Nutrition and Population Statistics,0,Units,A,Normal value,PU,Public,,4.5154211394,5.7942104318
A,Annual,SSD,South Sudan,WB_HNP_SH_STA_DIAB_ZS,Diabetes prevalence (% of population ages 20 to 79),PT,Percentage,WB_HNP,Health Nutrition and Population Statistics,0,Units,A,Normal value,PU,Public,,,6.5
A,Annual,SSF,Sub-Saharan Africa,WB_HNP_SH_STA_DIAB_ZS,Diabetes prevalence (% of population ages 20 to 79),PT,Percentage,WB_HNP,Health Nutrition and Population Statistics,0,Units,A,Normal value,PU,Public,,4.5164237129,5.7945120227
A,Annual,SST,Small states,WB_HNP_SH_STA_DIAB_ZS,Diabetes prevalence (% of population ages 20 to 79),PT,Percentage,WB_HNP,Health Nutrition and Population Statistics,0,Units,A,Normal value,PU,Public,,10.1753032694,10.943476429
A,Annual,STP,Sao Tome and Principe,WB_HNP_SH_STA_DIAB_ZS,Diabetes prevalence (% of population ages 20 to 79),PT,Percentage,WB_HNP,Health Nutrition and Population Statistics,0,Units,A,Normal value,PU,Public,,5.5,5.5
A,Annual,SUR,Suriname,WB_HNP_SH_STA_DIAB_ZS,Diabetes prevalence (% of population ages 20 to 79),PT,Percentage,WB_HNP,Health Nutrition and Population Statistics,0,Units,A,Normal value,PU,Public,,8.9,12.7
A,Annual,SVK,Slovak Republic,WB_HNP_SH_STA_DIAB_ZS,Diabetes prevalence (% of population ages 20 to 79),PT,Percentage,WB_HNP,Health Nutrition and Population Statistics,0,Units,A,Normal value,PU,Public,,5.7,5.8
A,Annual,SVN,Slovenia,WB_HNP_SH_STA_DIAB_ZS,Diabetes prevalence (% of population ages 20 to 79),PT,Percentage,WB_HNP,Health Nutrition and Population Statistics,0,Units,A,Normal value,PU,Public,,7.5,5.8
A,Annual,SWE,Sweden,WB_HNP_SH_STA_DIAB_ZS,Diabetes prevalence (% of population ages 20 to 79),PT,Percentage,WB_HNP,Health Nutrition and Population Statistics,0,Units,A,Normal value,PU,Public,,4.2,5.0
A,Annual,SWZ,Eswatini,WB_HNP_SH_STA_DIAB_ZS,Diabetes prevalence (% of population ages 20 to 79),PT,Percentage,WB_HNP,Health Nutrition and Population Statistics,0,Units,A,Normal value,PU,Public,,3.1,4.6
A,Annual,SYC,Seychelles,WB_HNP_SH_STA_DIAB_ZS,Diabetes prevalence (% of population ages 20 to 79),PT,Percentage,WB_HNP,Health Nutrition and Population Statistics,0,Units,A,Normal value,PU,Public,,12.1,8.5
A,Annual,SYR,Syrian Arab Republic,WB_HNP_SH_STA_DIAB_ZS,Diabetes prevalence (% of population ages 20 to 79),PT,Percentage,WB_HNP,Health Nutrition and Population Statistics,0,Units,A,Normal value,PU,Public,,9.9,14.9
A,Annual,TCD,Chad,WB_HNP_SH_STA_DIAB_ZS,Diabetes prevalence (% of population ages 20 to 79),PT,Percentage,WB_HNP,Health Nutrition and Population Statistics,0,Units,A,Normal value,PU,Public,,3.9,5.8
A,Annual,TEA,East Asia & Pacific (IDA & IBRD),WB_HNP_SH_STA_DIAB_ZS,Diabetes prevalence (% of population ages 20 to 79),PT,Percentage,WB_HNP,Health Nutrition and Population Statistics,0,Units,A,Normal value,PU,Public,,8.06909355,10.2333069311
A,Annual,TEC,Europe & Central Asia (IDA & IBRD),WB_HNP_SH_STA_DIAB_ZS,Diabetes prevalence (% of population ages 20 to 79),PT,Percentage,WB_HNP,Health Nutrition and Population Statistics,0,Units,A,Normal value,PU,Public,,7.6013771318,7.6211229918
A,Annual,TGO,Togo,WB_HNP_SH_STA_DIAB_ZS,Diabetes prevalence (% of population ages 20 to 79),PT,Percentage,WB_HNP,Health Nutrition and Population Statistics,0,Units,A,Normal value,PU,Public,,3.3,2.1
A,Annual,THA,Thailand,WB_HNP_SH_STA_DIAB_ZS,Diabetes prevalence (% of population ages 20 to 79),PT,Percentage,WB_HNP,Health Nutrition and Population Statistics,0,Units,A,Normal value,PU,Public,,7.5,9.7
A,Annual,TJK,Tajikistan,WB_HNP_SH_STA_DIAB_ZS,Diabetes prevalence (% of population ages 20 to 79),PT,Percentage,WB_HNP,Health Nutrition and Population Statistics,0,Units,A,Normal value,PU,Public,,6.3,6.6
A,Annual,TKM,Turkmenistan,WB_HNP_SH_STA_DIAB_ZS,Diabetes prevalence (% of population ages 20 to 79),PT,Percentage,WB_HNP,Health Nutrition and Population Statistics,0,Units,A,Normal value,PU,Public,,2.7,6.7
A,Annual,TLA,Latin America & Caribbean (IDA & IBRD),WB_HNP_SH_STA_DIAB_ZS,Diabetes prevalence (% of population ages 20 to 79),PT,Percentage,WB_HNP,Health Nutrition and Population Statistics,0,Units,A,Normal value,PU,Public,,10.2604465373,9.8914009253
A,Annual,TLS,Timor-Leste,WB_HNP_SH_STA_DIAB_ZS,Diabetes prevalence (% of population ages 20 to 79),PT,Percentage,WB_HNP,Health Nutrition and Population Statistics,0,Units,A,Normal value,PU,Public,,7.5,8.6
A,Annual,TMN,Middle East & North Africa (IDA & IBRD),WB_HNP_SH_STA_DIAB_ZS,Diabetes prevalence (% of population ages 20 to 79),PT,Percentage,WB_HNP,Health Nutrition and Population Statistics,0,Units,A,Normal value,PU,Public,,11.4049445007,12.2508919718
A,Annual,TON,Tonga,WB_HNP_SH_STA_DIAB_ZS,Diabetes prevalence (% of population ages 20 to 79),PT,Percentage,WB_HNP,Health Nutrition and Population Statistics,0,Units,A,Normal value,PU,Public,11.5,12.7,15.0
A,Annual,TSA,South Asia (IDA & IBRD),WB_HNP_SH_STA_DIAB_ZS,Diabetes prevalence (% of population ages 20 to 79),PT,Percentage,WB_HNP,Health Nutrition and Population Statistics,0,Units,A,Normal value,PU,Public,,8.8925261173,12.2887568871
A,Annual,TSS,Sub-Saharan Africa (IDA & IBRD),WB_HNP_SH_STA_DIAB_ZS,Diabetes prevalence (% of population ages 20 to 79),PT,Percentage,WB_HNP,Health Nutrition and Population Statistics,0,Units,A,Normal value,PU,Public,,4.5164237129,5.7945120227
A,Annual,TTO,Trinidad and Tobago,WB_HNP_SH_STA_DIAB_ZS,Diabetes prevalence (% of population ages 20 to 79),PT,Percentage,WB_HNP,Health Nutrition and Population Statistics,0,Units,A,Normal value,PU,Public,14.1,12.7,12.7
A,Annual,TUN,Tunisia,WB_HNP_SH_STA_DIAB_ZS,Diabetes prevalence (% of population ages 20 to 79),PT,Percentage,WB_HNP,Health Nutrition and Population Statistics,0,Units,A,Normal value,PU,Public,,9.5,9.6
A,Annual,TUR,Turkiye,WB_HNP_SH_STA_DIAB_ZS,Diabetes prevalence (% of population ages 20 to 79),PT,Percentage,WB_HNP,Health Nutrition and Population Statistics,0,Units,A,Normal value,PU,Public,,7.9,14.5
A,Annual,TUV,Tuvalu,WB_HNP_SH_STA_DIAB_ZS,Diabetes prevalence (% of population ages 20 to 79),PT,Percentage,WB_HNP,Health Nutrition and Population Statistics,0,Units,A,Normal value,PU,Public,,19.2,20.3
A,Annual,TZA,Tanzania,WB_HNP_SH_STA_DIAB_ZS,Diabetes prevalence (% of population ages 20 to 79),PT,Percentage,WB_HNP,Health Nutrition and Population Statistics,0,Units,A,Normal value,PU,Public,,2.8,12.3
A,Annual,UGA,Uganda,WB_HNP_SH_STA_DIAB_ZS,Diabetes prevalence (% of population ages 20 to 79),PT,Percentage,WB_HNP,Health Nutrition and Population Statistics,0,Units,A,Normal value,PU,Public,,2.8,4.6
A,Annual,UKR,Ukraine,WB_HNP_SH_STA_DIAB_ZS,Diabetes prevalence (% of population ages 20 to 79),PT,Percentage,WB_HNP,Health Nutrition and Population Statistics,0,Units,A,Normal value,PU,Public,,2.9,5.6
A,Annual,UMC,Upper middle income,WB_HNP_SH_STA_DIAB_ZS,Diabetes prevalence (% of population ages 20 to 79),PT,Percentage,WB_HNP,Health Nutrition and Population Statistics,0,Units,A,Normal value,PU,Public,,8.589331573,10.3966812797
A,Annual,URY,Uruguay,WB_HNP_SH_STA_DIAB_ZS,Diabetes prevalence (% of population ages 20 to 79),PT,Percentage,WB_HNP,Health Nutrition and Population Statistics,0,Units,A,Normal value,PU,Public,,5.7,9.0
A,Annual,USA,United States,WB_HNP_SH_STA_DIAB_ZS,Diabetes prevalence (% of population ages 20 to 79),PT,Percentage,WB_HNP,Health Nutrition and Population Statistics,0,Units,A,Normal value,PU,Public,,9.4,10.7
A,Annual,UZB,Uzbekistan,WB_HNP_SH_STA_DIAB_ZS,Diabetes prevalence (% of population ages 20 to 79),PT,Percentage,WB_HNP,Health Nutrition and Population Statistics,0,Units,A,Normal value,PU,Public,,6.4,7.0
A,Annual,VCT,St. Vincent and the Grenadines,WB_HNP_SH_STA_DIAB_ZS,Diabetes prevalence (% of population ages 20 to 79),PT,Percentage,WB_HNP,Health Nutrition and Population Statistics,0,Units,A,Normal value,PU,Public,,8.8,8.0
A,Annual,VEN,"Venezuela, RB",WB_HNP_SH_STA_DIAB_ZS,Diabetes prevalence (% of population ages 20 to 79),PT,Percentage,WB_HNP,Health Nutrition and Population Statistics,0,Units,A,Normal value,PU,Public,,10.2,9.6
A,Annual,VGB,British Virgin Islands,WB_HNP_SH_STA_DIAB_ZS,Diabetes prevalence (% of population ages 20 to 79),PT,Percentage,WB_HNP,Health Nutrition and Population Statistics,0,Units,A,Normal value,PU,Public,12.1,8.6,8.7
A,Annual,VIR,Virgin Islands (U.S.),WB_HNP_SH_STA_DIAB_ZS,Diabetes prevalence (% of population ages 20 to 79),PT,Percentage,WB_HNP,Health Nutrition and Population Statistics,0,Units,A,Normal value,PU,Public,,12.1,12.4
A,Annual,VNM,Viet Nam,WB_HNP_SH_STA_DIAB_ZS,Diabetes prevalence (% of population ages 20 to 79),PT,Percentage,WB_HNP,Health Nutrition and Population Statistics,0,Units,A,Normal value,PU,Public,,3.2,6.1
A,Annual,VUT,Vanuatu,WB_HNP_SH_STA_DIAB_ZS,Diabetes prevalence (% of population ages 20 to 79),PT,Percentage,WB_HNP,Health Nutrition and Population Statistics,0,Units,A,Normal value,PU,Public,,16.1,15.6
A,Annual,WLD,World,WB_HNP_SH_STA_DIAB_ZS,Diabetes prevalence (% of population ages 20 to 79),PT,Percentage,WB_HNP,Health Nutrition and Population Statistics,0,Units,A,Normal value,PU,Public,,8.1546211035,9.7988723164
A,Annual,WSM,Samoa,WB_HNP_SH_STA_DIAB_ZS,Diabetes prevalence (% of population ages 20 to 79),PT,Percentage,WB_HNP,Health Nutrition and Population Statistics,0,Units,A,Normal value,PU,Public,,7.7,9.2
A,Annual,YEM,"Yemen, Rep.",WB_HNP_SH_STA_DIAB_ZS,Diabetes prevalence (% of population ages 20 to 79),PT,Percentage,WB_HNP,Health Nutrition and Population Statistics,0,Units,A,Normal value,PU,Public,,9.6,5.4
A,Annual,ZAF,South Africa,WB_HNP_SH_STA_DIAB_ZS,Diabetes prevalence (% of population ages 20 to 79),PT,Percentage,WB_HNP,Health Nutrition and Population Statistics,0,Units,A,Normal value,PU,Public,,7.0,10.8
A,Annual,ZMB,Zambia,WB_HNP_SH_STA_DIAB_ZS,Diabetes prevalence (% of population ages 20 to 79),PT,Percentage,WB_HNP,Health Nutrition and Population Statistics,0,Units,A,Normal value,PU,Public,,4.8,11.9
A,Annual,ZWE,Zimbabwe,WB_HNP_SH_STA_DIAB_ZS,Diabetes prevalence (% of population ages 20 to 79),PT,Percentage,WB_HNP,Health Nutrition and Population Statistics,0,Units,A,Normal value,PU,Public,,9.8,2.1
